{"RuleTriggered": 0, "Violations": 0, "Details": {"Network": {"algo-1": {"max": 99640000.48, "p99": 0, "p95": 0, "p50": 0, "min": 0}}, "GPU": {"algo-1": {"max": 87.0, "p99": 84.0, "p95": 58.0, "p50": 0, "min": 0}}, "CPU": {"algo-1": {"max": 98.46, "p99": 91.08, "p95": 77.36, "p50": 35.5, "min": 0}}, "CPU memory": {"algo-1": {"max": 33.38, "p99": 30.44, "p95": 29.04, "p50": 13.19, "min": 4.36}}, "GPU memory": {"algo-1": {"max": 80.0, "p99": 76.11, "p95": 56.0, "p50": 0, "min": 0}}, "I/O": {"algo-1": {"max": 37.69, "p99": 26.29, "p95": 20.64, "p50": 0.49, "min": 0}}}, "Datapoints": 1289, "RuleParameters": ""}